n,date,event,cat,demand,source,url,domain,verified,venue,lat,lng,geo_precision,month
1,10 Aug 2024,General students' protest demanding resignation of the Dhaka University Vice-Chancellor,Education and Student Movements,,The Daily Star,,,False,Dhaka University campus,23.733,90.3928,approx-landmark,Aug 2024
2,Aug 2024,Outsourced and contract workers' protest demanding job regularisation outside the Secretariat,Job Seekers and Employment Movements,,Samakal,,,False,Bangladesh Secretariat,23.7295,90.4074,approx-landmark,Aug 2024
3,Aug 2024,Demonstration at Police Headquarters demanding reinstatement of deprived and dismissed police personnel,"Professional, Employee and Institutional Movements",,Jugantor,,,False,Police Headquarters,23.73,90.411,approx-landmark,Aug 2024
4,Aug 2024,Protest at the Ministry of Public Administration demanding promotion of BCS officers deprived under the previous government,"Professional, Employee and Institutional Movements",,Prothom Alo,,,False,Dhaka (venue not specified),23.7509,90.3934,city,Aug 2024
5,Aug 2024,Bangladesh Bank officials' protest against discrimination in promotions at the Governor's Building,"Professional, Employee and Institutional Movements",,The Daily Star,,,False,Bangladesh Bank,23.7275,90.4155,approx-landmark,Aug 2024
6,Aug 2024,Large Hindu community gathering at Shahbagh and Shaheed Minar over eight-point demands,"Social, Political and Rights-Based Movements",,Prothom Alo,,,False,Shahbagh,23.7389,90.3958,approx-landmark,Aug 2024
7,Aug 2024,Mayer Dak gathering on International Day of the Disappeared,"Social, Political and Rights-Based Movements",,Kaler Kantho,,,False,Dhaka (venue not specified),23.7509,90.3934,city,Aug 2024
8,Aug 2024,Dhaka University protest against India's opening of dams and demanding a fair share of Teesta water,"Social, Political and Rights-Based Movements",,bdnews24.com,,,False,Dhaka University campus,23.733,90.3928,approx-landmark,Aug 2024
9,Aug 2024,Village Police protest outside Jamuna,"Professional, Employee and Institutional Movements",Village Police members demonstrated outside Yunus's residence for regularisation/pay/transfer demands,The Daily Star,https://www.thedailystar.net/news/bangladesh/news/hundreds-village-police-members-demonstrating-front-yunuss-residence-3680196,thedailystar.net,True,Jamuna State Guest House,23.7396,90.4066,approx-landmark,Aug 2024
10,Aug 2024,Village Police protest outside Jamuna,"Professional, Employee and Institutional Movements",Village Police members demonstrated outside Yunus's residence for regularisation/pay/transfer demands,Amar Barta,https://www.amarbarta.com/national/72494,amarbarta.com,True,Jamuna State Guest House,23.7396,90.4066,approx-landmark,Aug 2024
11,20 Aug 2024,HSC exam cancellation protest at Secretariat,Education and Student Movements,HSC students entered Secretariat and demonstrated for cancellation of remaining exams,The Daily Star,https://www.thedailystar.net/news/bangladesh/education/news/remaining-hsc-exams-cancelled-face-protest-3682316,thedailystar.net,True,Bangladesh Secretariat,23.7295,90.4074,approx-landmark,Aug 2024
12,20 Aug 2024,HSC students gather at Secretariat gate,Education and Student Movements,Students gathered at Secretariat and blocked access while demanding cancellation,The Daily Star,https://www.thedailystar.net/news/bangladesh/education/news/remaining-hsc-exams-cancelled-face-protest-3682316,thedailystar.net,True,Bangladesh Secretariat,23.7295,90.4074,approx-landmark,Aug 2024
13,20 Aug 2024,HSC delegation meets Education Adviser,Education and Student Movements,Delegation submitted memorandum during protest,The Daily Star,https://www.thedailystar.net/news/bangladesh/education/news/remaining-hsc-exams-cancelled-face-protest-3682316,thedailystar.net,True,Dhaka (venue not specified),23.7509,90.3934,city,Aug 2024
14,20 Aug 2024,HSC students enter education ministry floors,Education and Student Movements,Several hundred protesters went to education ministry floors during demonstration,The Daily Star,https://www.thedailystar.net/news/bangladesh/education/news/remaining-hsc-exams-cancelled-face-protest-3682316,thedailystar.net,True,Dhaka (venue not specified),23.7509,90.3934,city,Aug 2024
15,20 Aug 2024,HSC students' movement demanding cancellation of the remaining examinations,Education and Student Movements,,Amar Barta,,,False,Dhaka (venue not specified),23.7509,90.3934,city,Aug 2024
16,25 Aug 2024,Ansar members' Secretariat siege and overnight clash demanding nationalisation of jobs,"Professional, Employee and Institutional Movements",,Prothom Alo,https://www.dailybhorerdak.com/news/233782,dailybhorerdak.com,True,Bangladesh Secretariat,23.7295,90.4074,approx-landmark,Aug 2024
17,5 Sep 2024,National anthem protest at Press Club,Other Miscellaneous Movements,Udichi held flag-hoisting and anthem programme at Udichi Chattar,The Daily Star,https://www.thedailystar.net/news/bangladesh/news/national-anthem-sung-nationwide-protest-conspiracy-3695976,thedailystar.net,True,Dhaka University campus,23.733,90.3928,approx-landmark,Sep 2024
18,5 Sep 2024,Udichi flag-hoisting protest,Other Miscellaneous Movements,National flags were hoisted in open spaces as protest programme,The Daily Star,https://www.thedailystar.net/news/bangladesh/news/national-anthem-sung-nationwide-protest-conspiracy-3695976,thedailystar.net,True,Dhaka (venue not specified),23.7509,90.3934,city,Sep 2024
19,5 Sep 2024,Udichi Dhaka anthem programme,Other Miscellaneous Movements,Dhaka branch programme held opposite Jatiya Press Club,The Daily Star,https://www.thedailystar.net/news/bangladesh/news/national-anthem-sung-nationwide-protest-conspiracy-3695976,thedailystar.net,True,National Press Club,23.7333,90.4053,approx-landmark,Sep 2024
20,5 Sep 2024,Udichi protest against alleged national-symbol conspiracy,Other Miscellaneous Movements,Programme opposed alleged conspiracies over anthem/flag,The Daily Star,https://www.thedailystar.net/news/bangladesh/news/national-anthem-sung-nationwide-protest-conspiracy-3695976,thedailystar.net,True,Dhaka (venue not specified),23.7509,90.3934,city,Sep 2024
21,12 Sep 2024,Hindu Jagran Manch Shahbagh protest,"Social, Political and Rights-Based Movements",Hindu Jagran Manch held capital demonstration over attacks on minorities,The Daily Star,https://www.thedailystar.net/news/bangladesh/news/hindu-jagran-manch-protests-attack-minorities-3702546,thedailystar.net,True,Shahbagh,23.7389,90.3958,approx-landmark,Sep 2024
22,12 Sep 2024,Hindu Jagran Manch Shahbagh blockade,"Social, Political and Rights-Based Movements",Protesters blocked Shahbagh intersection,The Daily Star,https://www.thedailystar.net/news/bangladesh/news/hindu-jagran-manch-protests-attack-minorities-3702546,thedailystar.net,True,Shahbagh,23.7389,90.3958,approx-landmark,Sep 2024
23,12 Sep 2024,Hindu Jagran Manch eight-point demand,"Social, Political and Rights-Based Movements",Protesters reiterated eight-point minority-rights demands,The Daily Star,https://www.thedailystar.net/news/bangladesh/news/hindu-jagran-manch-protests-attack-minorities-3702546,thedailystar.net,True,Dhaka (venue not specified),23.7509,90.3934,city,Sep 2024
24,12 Sep 2024,Hindu minority protection committee demand,"Social, Political and Rights-Based Movements",Demanded minority protection committee and dedicated ministry,The Daily Star,https://www.thedailystar.net/news/bangladesh/news/hindu-jagran-manch-protests-attack-minorities-3702546,thedailystar.net,True,Dhaka (venue not specified),23.7509,90.3934,city,Sep 2024
25,13 Sep 2024,National minority protest at Shahbagh,"Social, Political and Rights-Based Movements",Hindu Jagran Manch blocked Shahbagh over minority protection demands,The Daily Star,https://www.thedailystar.net/news/bangladesh/news/hindu-jagran-manch-protests-attack-minorities-3702546,thedailystar.net,True,Shahbagh,23.7389,90.3958,approx-landmark,Sep 2024
26,26 Aug 2024,Battery-powered rickshaw drivers' road blockade,Transport and Communication Sector Movements,,Daily Bhorer Dak,,,False,Dhaka (venue not specified),23.7509,90.3934,city,Aug 2024
27,Sep 2024,National University students' Shahbagh protest demanding reform of the examination system,Education and Student Movements,,The Daily Ittefaq,,,False,Shahbagh,23.7389,90.3958,approx-landmark,Sep 2024
28,Sep 2024,MATS students' Shahbagh blockade demanding higher-education opportunities and employment,Education and Student Movements,,Bangla Tribune,,,False,Shahbagh,23.7389,90.3958,approx-landmark,Sep 2024
29,Sep 2024,Nurses' protest demanding resignation of the Director General of the Directorate of Nursing and Midwifery,Education and Student Movements,,Prothom Alo,,,False,Dhaka (venue not specified),23.7509,90.3934,city,Sep 2024
30,Sep 2024,Parents' human chain demanding withdrawal of VAT on English-medium schools,Education and Student Movements,,Dhaka Tribune,,,False,Dhaka (venue not specified),23.7509,90.3934,city,Sep 2024
31,Sep 2024,Ebtedayi madrasa teachers' movement against pay discrimination,Education and Student Movements,,Naya Diganta,,,False,Dhaka (venue not specified),23.7509,90.3934,city,Sep 2024
32,Sep 2024,Contract-based IT workers in different ministries demanding job regularisation,Job Seekers and Employment Movements,,Jugantor,,,False,Dhaka (venue not specified),23.7509,90.3934,city,Sep 2024
33,Sep 2024,Temporary railway workers' protest at Kamalapur demanding job regularisation,Job Seekers and Employment Movements,,Kaler Kantho,,,False,Dhaka (venue not specified),23.7509,90.3934,city,Sep 2024
34,Sep 2024,Registered teachers' Shahbagh rally demanding recruitment from the panel,Job Seekers and Employment Movements,,bdnews24.com,,,False,Shahbagh,23.7389,90.3958,approx-landmark,Sep 2024
35,Sep 2024,Nationwide shutdown protesting the assault on a doctor at Dhaka Medical College Hospital,"Professional, Employee and Institutional Movements",,Samakal,,,False,Dhaka (venue not specified),23.7509,90.3934,city,Sep 2024
36,Sep 2024,Dhaka WASA contract employees' Karwan Bazar protest demanding job regularisation,"Professional, Employee and Institutional Movements",,The Daily Ittefaq,,,False,Karwan Bazar,23.751,90.393,approx-landmark,Sep 2024
37,Sep 2024,Biman Bangladesh Airlines casual workers' protest outside Balaka Bhaban demanding job regularisation,"Professional, Employee and Institutional Movements",,Jugantor,,,False,Dhaka (venue not specified),23.7509,90.3934,city,Sep 2024
38,Sep 2024,BTCL employees' sit-in strike at Moghbazar demanding overdue pensions,"Professional, Employee and Institutional Movements",,The Daily Star,,,False,Dhaka (venue not specified),23.7509,90.3934,city,Sep 2024
39,Sep 2024,Pharmaceutical representatives' rally demanding shorter working hours and higher pay,Garment and Industrial Workers' Movements,,Prothom Alo,,,False,Dhaka (venue not specified),23.7509,90.3934,city,Sep 2024
40,Sep 2024,Uber and Pathao drivers' human chain at the Press Club demanding lower commissions,Transport and Communication Sector Movements,,bdnews24.com,,,False,National Press Club,23.7333,90.4053,approx-landmark,Sep 2024
41,Sep 2024,Railway running staff threaten work stoppage demanding restoration of mileage allowance,Transport and Communication Sector Movements,,The Daily Star,,,False,Dhaka (venue not specified),23.7509,90.3934,city,Sep 2024
42,Sep 2024,Families of July-August uprising victims rally at Central Shaheed Minar demanding trials for the killings,"Social, Political and Rights-Based Movements",,Jugantor,,,False,Central Shaheed Minar,23.7276,90.402,approx-landmark,Sep 2024
43,Sep 2024,Indigenous Students Council protest in Dhaka against attacks on indigenous people in the Chattogram Hill Tracts,"Social, Political and Rights-Based Movements",,The Daily Star,,,False,Dhaka (venue not specified),23.7509,90.3934,city,Sep 2024
44,Sep 2024,Journalists' protest demanding complete repeal of the Cyber Security Act (DSA/CSA),"Social, Political and Rights-Based Movements",,Jugantor,,,False,Dhaka (venue not specified),23.7509,90.3934,city,Sep 2024
45,Sep 2024,Small political parties' demonstration at the Election Commission demanding reform of party registration law,"Social, Political and Rights-Based Movements",,The Daily Ittefaq,,,False,Dhaka (venue not specified),23.7509,90.3934,city,Sep 2024
46,Sep 2024,E-commerce customers' protest outside the Press Club and Ministry of Commerce demanding refunds,Other Miscellaneous Movements,,Jugantor,,,False,National Press Club,23.7333,90.4053,approx-landmark,Sep 2024
47,Sep 2024,Hawkers' association protests in Gulistan and Motijheel demanding permission to operate on footpaths,Other Miscellaneous Movements,,Prothom Alo,,,False,Motijheel,23.733,90.4172,approx-landmark,Sep 2024
48,Sep 2024,Bank Protection Committee human chain demanding stronger recovery of defaulted bank loans,Other Miscellaneous Movements,,bdnews24.com,,,False,Dhaka (venue not specified),23.7509,90.3934,city,Sep 2024
49,Sep 2024,Pharmacy Owners' Association human chain protesting medicine price increases and demanding an end to company syndicates,Other Miscellaneous Movements,,Prothom Alo,,,False,Dhaka (venue not specified),23.7509,90.3934,city,Sep 2024
50,Sep 2024,Individual sit-in protests outside the National Press Club seeking justice over land grabbing and harassment,Other Miscellaneous Movements,,The Daily Ittefaq,https://www.voabangla.com/a/7804510.html,voabangla.com,True,National Press Club,23.7333,90.4053,approx-landmark,Sep 2024
51,30 Sep 2024,Job-age 35 protest,Job Seekers and Employment Movements,Job seekers demonstrated demanding 35-year entry age,The Daily Star,https://www.thedailystar.net/news/bangladesh/news/raising-age-limit-govt-jobs-protesters-vow-continue-sit-in-until-demands-met-3716111,thedailystar.net,True,Dhaka (venue not specified),23.7509,90.3934,city,Sep 2024
52,30 Sep 2024,Movement demanding that the government-job entry age limit be raised to 35,Job Seekers and Employment Movements,,VOA Bangla,,,False,Dhaka (venue not specified),23.7509,90.3934,city,Sep 2024
53,Oct 2024,Medical and dental students' movement demanding an end to session backlogs,Education and Student Movements,,bdnews24.com,,,False,Dhaka (venue not specified),23.7509,90.3934,city,Oct 2024
54,Oct 2024,Diploma students' movement demanding reform of the Technical Education Board curriculum,Education and Student Movements,,Samakal,,,False,Dhaka (venue not specified),23.7509,90.3934,city,Oct 2024
55,Oct 2024,Private university students' sit-in demanding lower tuition fees,Education and Student Movements,,The Daily Star,,,False,Dhaka (venue not specified),23.7509,90.3934,city,Oct 2024
56,Oct 2024,Primary assistant teachers' Shaheed Minar rally demanding implementation of Grade 10,Education and Student Movements,,Kaler Kantho,,,False,Central Shaheed Minar,23.7276,90.402,approx-landmark,Oct 2024
57,Oct 2024,Protest and clash with police outside the Chief Adviser's residence over the 35-year job-entry age demand,Job Seekers and Employment Movements,,Prothom Alo,,,False,Jamuna State Guest House,23.7396,90.4066,approx-landmark,Oct 2024
58,Oct 2024,Family Planning Directorate field workers' sit-in demanding job regularisation,Job Seekers and Employment Movements,,The Daily Star,,,False,Dhaka (venue not specified),23.7509,90.3934,city,Oct 2024
59,Oct 2024,Demonstration at the Public Service Commission demanding restoration of cancelled BCS preliminary and written examinations,Job Seekers and Employment Movements,,Prothom Alo,,,False,Dhaka (venue not specified),23.7509,90.3934,city,Oct 2024
60,Oct 2024,Rural Electricity Association officials and employees' work stoppage demanding integration with the Rural Electrification Board,"Professional, Employee and Institutional Movements",,The Daily Star,,,False,Dhaka (venue not specified),23.7509,90.3934,city,Oct 2024
61,Oct 2024,Sonali Bank IT officers' human chain against pay-scale discrimination,"Professional, Employee and Institutional Movements",,bdnews24.com,,,False,Dhaka (venue not specified),23.7509,90.3934,city,Oct 2024
62,Oct 2024,Health assistants' demand to end pay-grade discrimination,"Professional, Employee and Institutional Movements",,Kaler Kantho,,,False,Dhaka (venue not specified),23.7509,90.3934,city,Oct 2024
63,Oct 2024,LGED master-roll employees' demand for job regularisation,"Professional, Employee and Institutional Movements",,The Daily Ittefaq,,,False,Dhaka (venue not specified),23.7509,90.3934,city,Oct 2024
64,Oct 2024,Garment workers' road blockade in Mirpur demanding payment of overdue wages,Garment and Industrial Workers' Movements,,Samakal,,,False,Mirpur,23.8223,90.3654,approx-landmark,Oct 2024
65,Oct 2024,Movement to eliminate gender discrimination in garment-sector recruitment,Garment and Industrial Workers' Movements,,bdnews24.com,,,False,Dhaka (venue not specified),23.7509,90.3934,city,Oct 2024
66,Oct 2024,Industrial workers' human chain demanding workplace safety in BSCIC industrial areas,Garment and Industrial Workers' Movements,,bdnews24.com,,,False,Dhaka (venue not specified),23.7509,90.3934,city,Oct 2024
67,Oct 2024,CNG auto-rickshaw drivers' protest against owners demanding lower daily deposits/rent,Transport and Communication Sector Movements,,Kaler Kantho,,,False,Dhaka (venue not specified),23.7509,90.3934,city,Oct 2024
68,Oct 2024,Transport workers' protest demanding an end to extortion at inter-district bus terminals,Transport and Communication Sector Movements,,The Daily Ittefaq,,,False,Dhaka (venue not specified),23.7509,90.3934,city,Oct 2024
69,Oct 2024,Five-point constitutional demands and movement for removal of the President,"Social, Political and Rights-Based Movements",,Wikipedia,,,False,Dhaka (venue not specified),23.7509,90.3934,city,Oct 2024
70,Oct 2024,Left Democratic Alliance rally and protest at Paltan against rising prices,"Social, Political and Rights-Based Movements",,The Daily Ittefaq,https://bn.wikipedia.org/wiki/%E0%A6%AA%E0%A6%BE%E0%A6%81%E0%A6%9A_%E0%A6%A6%E0%A6%AB%E0%A6%BE_%E0%A6%A6%E0%A6%BE%E0%A6%AC%E0%A6%BF_(%E0%A7%A8%E0%A7%A6%E0%A7%A2%E0%A7%AA),bn.wikipedia.org,True,Paltan,23.7345,90.413,approx-landmark,Oct 2024
71,Oct 2024,Journalists' rally demanding reopening of closed media outlets such as Diganta TV and Islamic TV,"Social, Political and Rights-Based Movements",,Samakal,,,False,Dhaka (venue not specified),23.7509,90.3934,city,Oct 2024
72,Oct 2024,Residents' human chains in different wards demanding civic services and mosquito-control measures,"Social, Political and Rights-Based Movements",,Prothom Alo,,,False,Dhaka (venue not specified),23.7509,90.3934,city,Oct 2024
73,Oct 2024,Civil society human chain alleging government negligence in dengue treatment,"Social, Political and Rights-Based Movements",,bdnews24.com,,,False,Dhaka (venue not specified),23.7509,90.3934,city,Oct 2024
74,Oct 2024,Cooperative-society victims' human chain demanding justice over embezzled funds,Other Miscellaneous Movements,,Samakal,,,False,Dhaka (venue not specified),23.7509,90.3934,city,Oct 2024
75,Oct 2024,Consumers' human chain protesting installation of DESCO and DPDC smart meters,Other Miscellaneous Movements,,The Daily Star,,,False,Dhaka (venue not specified),23.7509,90.3934,city,Oct 2024
76,Oct 2024,Environmentalists' human chain demanding waste-management reform at Aminbazar landfill,Other Miscellaneous Movements,,Jugantor,,,False,Dhaka (venue not specified),23.7509,90.3934,city,Oct 2024
77,Oct 2024,Sit-in outside the Directorate General of Health Services demanding closure of unlicensed clinics and diagnostic centres,Other Miscellaneous Movements,,Kaler Kantho,,,False,Dhaka (venue not specified),23.7509,90.3934,city,Oct 2024
78,20 Oct 2024,HSC re-evaluation protest at Dhaka Education Board,Education and Student Movements,HSC candidates protested for recalculation/re-evaluation,,,,False,Dhaka (venue not specified),23.7509,90.3934,city,Oct 2024
79,20 Oct 2024,HSC re-evaluation protest at Dhaka Education Board,Education and Student Movements,HSC candidates protested for recalculation/re-evaluation,The Daily Star,https://www.thedailystar.net/news/bangladesh/news/hsc-students-surround-education-boards-across-country-demanding-re-evaluation-3731886,thedailystar.net,True,Dhaka (venue not specified),23.7509,90.3934,city,Oct 2024
80,20 Oct 2024,HSC students enter Dhaka Board,Education and Student Movements,Students entered Dhaka Education Board premises demanding fair results,The Daily Star,https://www.thedailystar.net/news/bangladesh/news/hsc-students-surround-education-boards-across-country-demanding-re-evaluation-3731886,thedailystar.net,True,Dhaka (venue not specified),23.7509,90.3934,city,Oct 2024
81,20 Oct 2024,HSC students march from Central Shaheed Minar to Board,Education and Student Movements,HSC Batch 2024 marched toward the Dhaka Board,The Daily Star,https://www.thedailystar.net/news/bangladesh/news/hsc-students-surround-education-boards-across-country-demanding-re-evaluation-3731886,thedailystar.net,True,Central Shaheed Minar,23.7276,90.402,approx-landmark,Oct 2024
82,20 Oct 2024,HSC students remain inside Dhaka Board,Education and Student Movements,Students continued their protest inside the board premises,The Daily Star,https://www.thedailystar.net/news/bangladesh/news/hsc-students-surround-education-boards-across-country-demanding-re-evaluation-3731886,thedailystar.net,True,Dhaka (venue not specified),23.7509,90.3934,city,Oct 2024
83,22 Oct 2024,President resignation protest at Bangabhaban,"Social, Political and Rights-Based Movements",Small group held sit-in near Bangabhaban demanding president's resignation,The Daily Star,https://www.thedailystar.net/news/bangladesh/rights/news/protesters-dhaka-barishal-demand-presidents-resignation-3733691,thedailystar.net,True,Bangabhaban,23.7108,90.418,approx-landmark,Oct 2024
84,23 Oct 2024,HSC result protest at Secretariat,Education and Student Movements,Students protested outside Education Ministry at Secretariat,The Daily Star,https://www.thedailystar.net/news/bangladesh/education/news/students-enter-secretariat-protest-poor-hsc-results-over-50-detained-3734591,thedailystar.net,True,Bangladesh Secretariat,23.7295,90.4074,approx-landmark,Oct 2024
85,23 Oct 2024,HSC protesters enter Secretariat,Education and Student Movements,Students entered Secretariat demanding re-evaluation,The Daily Star,https://www.thedailystar.net/news/bangladesh/education/news/students-enter-secretariat-protest-poor-hsc-results-over-50-detained-3734591,thedailystar.net,True,Bangladesh Secretariat,23.7295,90.4074,approx-landmark,Oct 2024
86,23 Oct 2024,HSC students detained during Secretariat protest,Education and Student Movements,Police dispersed and detained protesters,The Daily Star,https://www.thedailystar.net/news/bangladesh/education/news/students-enter-secretariat-protest-poor-hsc-results-over-50-detained-3734591,thedailystar.net,True,Bangladesh Secretariat,23.7295,90.4074,approx-landmark,Oct 2024
87,23 Oct 2024,HSC students demand SSC-based fair results,Education and Student Movements,Students continued protest demanding fair result calculation,The Daily Star,https://www.thedailystar.net/news/bangladesh/education/news/students-enter-secretariat-protest-poor-hsc-results-over-50-detained-3734591,thedailystar.net,True,Dhaka (venue not specified),23.7509,90.3934,city,Oct 2024
88,29 Oct 2024,7-college Science Lab blockade,Education and Student Movements,Seven-college students blocked Science Lab for separate autonomous university,The Daily Star,https://www.thedailystar.net/news/bangladesh/news/commuters-suffer-students-stage-blockade-3739906,thedailystar.net,True,Science Lab intersection,23.7385,90.384,approx-landmark,Oct 2024
89,29 Oct 2024,7-college procession to Science Lab,Education and Student Movements,Students moved into Science Lab as part of autonomous-university movement,The Daily Star,https://www.thedailystar.net/news/bangladesh/news/commuters-suffer-students-stage-blockade-3739906,thedailystar.net,True,Science Lab intersection,23.7385,90.384,approx-landmark,Oct 2024
90,30 Oct 2024,7-college continuation of blockade programme,Education and Student Movements,Students resumed/continued blockade over separate university demand,The Daily Star,https://www.thedailystar.net/news/bangladesh/education/news/students-7-du-affiliated-colleges-lift-blockade-science-lab-3740541,thedailystar.net,True,Dhaka (venue not specified),23.7509,90.3934,city,Oct 2024
91,30 Oct 2024,7-college blockade lifted after six hours,Education and Student Movements,Students ended Science Lab blockade pending response,The Daily Star,https://www.thedailystar.net/news/bangladesh/education/news/students-7-du-affiliated-colleges-lift-blockade-science-lab-3740541,thedailystar.net,True,Science Lab intersection,23.7385,90.384,approx-landmark,Oct 2024
92,11 Nov 2024,JnU Secretariat sit-in,"Professional, Employee and Institutional Movements",Jagannath University students held sit-in at Secretariat,The Daily Star,https://www.thedailystar.net/news/bangladesh/news/jnu-students-protest-front-secretariat-3750246,thedailystar.net,True,Bangladesh Secretariat,23.7295,90.4074,approx-landmark,Nov 2024
93,11 Nov 2024,JnU five-point demand protest,Other Miscellaneous Movements,Students demanded army takeover of new campus project,The Daily Star,https://www.thedailystar.net/news/bangladesh/news/jnu-students-protest-front-secretariat-3750246,thedailystar.net,True,Jagannath University,23.7104,90.4074,approx-landmark,Nov 2024
94,11 Nov 2024,JnU Secretariat gate closure protest,"Professional, Employee and Institutional Movements",Protest closed Secretariat gates for about three hours,The Daily Star,https://www.thedailystar.net/news/bangladesh/news/jnu-students-protest-front-secretariat-3750246,thedailystar.net,True,Bangladesh Secretariat,23.7295,90.4074,approx-landmark,Nov 2024
95,11 Nov 2024,JnU campus-construction procession,Other Miscellaneous Movements,Students protested for concrete plan and dormitory construction,The Daily Star,https://www.thedailystar.net/news/bangladesh/news/jnu-students-protest-front-secretariat-3750246,thedailystar.net,True,Jagannath University,23.7104,90.4074,approx-landmark,Nov 2024
96,11 Nov 2024,Medical technology students TB Gate sit-in,Education and Student Movements,IHT students began five-hour demonstration at Mohakhali TB Gate,The Daily Star,https://www.thedailystar.net/news/bangladesh/education/news/medical-technology-students-protest-separate-directorate-3750376,thedailystar.net,True,Mohakhali,23.7806,90.4058,approx-landmark,Nov 2024
97,11 Nov 2024,Medical technology separate directorate protest,Education and Student Movements,Students demanded dedicated directorate for medical technologists/pharmacists,The Daily Star,https://www.thedailystar.net/news/bangladesh/education/news/medical-technology-students-protest-separate-directorate-3750376,thedailystar.net,True,Dhaka (venue not specified),23.7509,90.3934,city,Nov 2024
98,11 Nov 2024,Medical technology recruitment protest,Education and Student Movements,Students demanded resumption of halted recruitment,The Daily Star,https://www.thedailystar.net/news/bangladesh/education/news/medical-technology-students-protest-separate-directorate-3750376,thedailystar.net,True,Dhaka (venue not specified),23.7509,90.3934,city,Nov 2024
99,11 Nov 2024,Medical technology higher-education protest,Education and Student Movements,Students demanded university/council and BSc/MSc opportunities,The Daily Star,https://www.thedailystar.net/news/bangladesh/education/news/medical-technology-students-protest-separate-directorate-3750376,thedailystar.net,True,Dhaka (venue not specified),23.7509,90.3934,city,Nov 2024
100,11 Nov 2024,Students protest new adviser appointments at DU,Education and Student Movements,Around 100 students rallied at Raju Sculpture,The Daily Star,https://www.thedailystar.net/news/bangladesh/politics/news/students-protest-new-adviser-appointments-3750221,thedailystar.net,True,"Raju Sculpture, Dhaka University",23.7333,90.3948,approx-landmark,Nov 2024
101,22 Oct 2024,President resignation protest at Bangabhaban,"Social, Political and Rights-Based Movements",Small group held sit-in near Bangabhaban demanding president's resignation,,,,False,Bangabhaban,23.7108,90.418,approx-landmark,Oct 2024
102,23 Oct 2024,HSC result protest at Secretariat,Education and Student Movements,Students protested outside Education Ministry at Secretariat,,,,False,Bangladesh Secretariat,23.7295,90.4074,approx-landmark,Oct 2024
103,29 Oct 2024,7-college Science Lab blockade,Education and Student Movements,Seven-college students blocked Science Lab for separate autonomous university,,,,False,Science Lab intersection,23.7385,90.384,approx-landmark,Oct 2024
104,11 Nov 2024,JnU Secretariat sit-in,Education and Student Movements,Jagannath University students held sit-in at Secretariat,,,,False,Bangladesh Secretariat,23.7295,90.4074,approx-landmark,Nov 2024
105,11 Nov 2024,Medical technology students TB Gate sit-in,Education and Student Movements,IHT students began five-hour demonstration at Mohakhali TB Gate,,,,False,Mohakhali,23.7806,90.4058,approx-landmark,Nov 2024
106,11 Nov 2024,Students protest new adviser appointments at DU,Education and Student Movements,Around 100 students rallied at Raju Sculpture,,,,False,"Raju Sculpture, Dhaka University",23.7333,90.3948,approx-landmark,Nov 2024
107,Nov 2024,Titumir College students' Mohakhali rail and road blockade demanding conversion into a university,Education and Student Movements,,Kaler Kantho,,,False,Mohakhali,23.7806,90.4058,approx-landmark,Nov 2024
108,Nov 2024,Gathering of Islamic scholars demanding recognition of Qawmi madrasa certificates,Education and Student Movements,,Daily Inqilab,,,False,Dhaka (venue not specified),23.7509,90.3934,city,Nov 2024
109,Nov 2024,Secondary-school teachers' siege of the Press Club demanding nationalisation of jobs,Education and Student Movements,,Jugantor,,,False,National Press Club,23.7333,90.4053,approx-landmark,Nov 2024
110,Nov 2024,Anti-fascist mass gathering under the banner of the Anti-Discrimination Student Movement,Education and Student Movements,,Prothom Alo,,,False,Dhaka (venue not specified),23.7509,90.3934,city,Nov 2024
111,Nov 2024,Protest outside the National Institute of Traumatology and Orthopaedic Rehabilitation demanding proper treatment for July-August uprising injuries,Education and Student Movements,,The Daily Star,,,False,Dhaka (venue not specified),23.7509,90.3934,city,Nov 2024
112,Nov 2024,Public Health Engineering Directorate mechanics' demand for job regularisation,Job Seekers and Employment Movements,,The Daily Ittefaq,,,False,Dhaka (venue not specified),23.7509,90.3934,city,Nov 2024
113,Nov 2024,Human chain demanding reserved government-job quotas for visually and physically disabled people,Job Seekers and Employment Movements,,Dhaka Tribune,,,False,Dhaka (venue not specified),23.7509,90.3934,city,Nov 2024
114,Nov 2024,Islamic Foundation officials and employees' movement demanding overdue pay and an end to discrimination,"Professional, Employee and Institutional Movements",,Kaler Kantho,,,False,Dhaka (venue not specified),23.7509,90.3934,city,Nov 2024
115,Nov 2024,Department of Agricultural Extension field officers' movement demanding upgrading,"Professional, Employee and Institutional Movements",,Samakal,,,False,Dhaka (venue not specified),23.7509,90.3934,city,Nov 2024
116,Nov 2024,Ansar-VDP Development Bank employees' demand for higher salaries and allowances,"Professional, Employee and Institutional Movements",,Prothom Alo,,,False,Dhaka (venue not specified),23.7509,90.3934,city,Nov 2024
117,Nov 2024,Laid-off workers' sit-ins outside factories demanding reinstatement,Garment and Industrial Workers' Movements,,The Daily Ittefaq,,,False,Dhaka (venue not specified),23.7509,90.3934,city,Nov 2024
118,Nov 2024,Human chain in industrial areas protesting outsider control of scrap business and extortion,Garment and Industrial Workers' Movements,,Jugantor,,,False,Dhaka (venue not specified),23.7509,90.3934,city,Nov 2024
119,Nov 2024,Jute-mill workers' Demra road blockade demanding payment of outstanding dues,Garment and Industrial Workers' Movements,,The Daily Ittefaq,,,False,Dhaka (venue not specified),23.7509,90.3934,city,Nov 2024
120,Nov 2024,Battery-powered rickshaw drivers' Mirpur-10 road blockade and clash with police,Transport and Communication Sector Movements,,Prothom Alo,,,False,Mirpur,23.8223,90.3654,approx-landmark,Nov 2024
121,Nov 2024,Battery-powered rickshaw drivers' protest and vandalism in Agargaon,Transport and Communication Sector Movements,,The Daily Star,,,False,Agargaon,23.777,90.379,approx-landmark,Nov 2024
122,Nov 2024,Battery-powered rickshaw drivers' road blockade in Jatrabari,Transport and Communication Sector Movements,,Samakal,,,False,Jatrabari,23.7104,90.4348,approx-landmark,Nov 2024
123,Nov 2024,Pedal-rickshaw drivers' counter-protest at Shahbagh demanding a ban on battery-powered rickshaws,Transport and Communication Sector Movements,,Jugantor,,,False,Shahbagh,23.7389,90.3958,approx-landmark,Nov 2024
124,Nov 2024,Truck and covered-van owners' demand to end police harassment in goods transport,Transport and Communication Sector Movements,,Prothom Alo,,,False,Dhaka (venue not specified),23.7509,90.3934,city,Nov 2024
125,Nov 2024,ISKCON members' protests over various issues at Dhakeshwari Temple and other locations,"Social, Political and Rights-Based Movements",,Samakal,,,False,Dhaka (venue not specified),23.7509,90.3934,city,Nov 2024
126,Nov 2024,Anti-Discrimination Student Movement sit-in at Shahbagh demanding trials of alleged collaborators of fascism,"Social, Political and Rights-Based Movements",,Prothom Alo,,,False,Shahbagh,23.7389,90.3958,approx-landmark,Nov 2024
127,Nov 2024,Dhaka Reporters Unity human chain protesting overdue wages and layoffs of journalists,"Social, Political and Rights-Based Movements",,Kaler Kantho,,,False,Dhaka (venue not specified),23.7509,90.3934,city,Nov 2024
128,Nov 2024,Bastee residents' road blockade and protest in Bhashantek against eviction,"Social, Political and Rights-Based Movements",,The Daily Star,,,False,Dhaka (venue not specified),23.7509,90.3934,city,Nov 2024
129,17 Nov 2024,Residential Model School merit-admission blockade,Education and Student Movements,Students blocked Mirpur Road against lottery admission,The Daily Star,https://www.thedailystar.net/news/bangladesh/news/students-block-mirpur-road-demanding-merit-based-admissions-3754711,thedailystar.net,True,Mirpur,23.8223,90.3654,approx-landmark,Nov 2024
130,17 Nov 2024,Residential Model School procession,Education and Student Movements,Students marched/occupied road demanding merit-based admission,The Daily Star,https://www.thedailystar.net/news/bangladesh/news/students-block-mirpur-road-demanding-merit-based-admissions-3754711,thedailystar.net,True,Dhaka (venue not specified),23.7509,90.3934,city,Nov 2024
131,17 Nov 2024,Residential Model School student road occupation,Education and Student Movements,Students occupied Mirpur Road for 45 minutes,The Daily Star,https://www.thedailystar.net/news/bangladesh/news/students-block-mirpur-road-demanding-merit-based-admissions-3754711,thedailystar.net,True,Mirpur,23.8223,90.3654,approx-landmark,Nov 2024
132,17 Nov 2024,Residential Model School anti-lottery campaign,Education and Student Movements,Students protested lottery-based admission system,The Daily Star,https://www.thedailystar.net/news/bangladesh/news/students-block-mirpur-road-demanding-merit-based-admissions-3754711,thedailystar.net,True,Dhaka (venue not specified),23.7509,90.3934,city,Nov 2024
133,13 Dec 2024,BNP protest over Nahid political-party remark,"Social, Political and Rights-Based Movements",BNP protested adviser Nahid Islam's comments,The Daily Star,https://www.thedailystar.net/news/bangladesh/politics/news/withdraw-your-statement-political-parties-3775786,thedailystar.net,True,Dhaka (venue not specified),23.7509,90.3934,city,Dec 2024
134,13 Dec 2024,BNP demand withdrawal of Nahid statement,Other Miscellaneous Movements,Fakhrul demanded withdrawal of the statement,The Daily Star,https://www.thedailystar.net/news/bangladesh/politics/news/fakhrul-asks-nahid-withdraw-his-comment-political-parties-3775451,thedailystar.net,True,Dhaka (venue not specified),23.7509,90.3934,city,Dec 2024
135,13 Dec 2024,BNP Institution of Engineers programme,Other Miscellaneous Movements,BNP held political programme at Institution of Engineers Bangladesh,The Daily Star,https://www.thedailystar.net/news/bangladesh/politics/news/fakhrul-asks-nahid-withdraw-his-comment-political-parties-3775451,thedailystar.net,True,Dhaka (venue not specified),23.7509,90.3934,city,Dec 2024
136,13 Dec 2024,BNP election-environment demand,Other Miscellaneous Movements,BNP pressed interim govt to create fair election environment,The Daily Star,https://www.thedailystar.net/news/bangladesh/politics/news/fakhrul-asks-nahid-withdraw-his-comment-political-parties-3775451,thedailystar.net,True,Dhaka (venue not specified),23.7509,90.3934,city,Dec 2024
137,29 Dec 2024,Dismissed armed forces members Jahangir Gate sit-in,Other Miscellaneous Movements,Dismissed/retired armed forces members held three-hour sit-in,The Daily Star,https://www.thedailystar.net/news/bangladesh/news/dismissed-armed-forces-members-protest-jahangir-gate-3-point-demand-3786956,thedailystar.net,True,Dhaka (venue not specified),23.7509,90.3934,city,Dec 2024
138,29 Dec 2024,Armed forces reinstatement protest,Other Miscellaneous Movements,Demand for reinstatement with salary and benefits,The Daily Star,https://www.thedailystar.net/news/bangladesh/news/dismissed-armed-forces-members-protest-jahangir-gate-3-point-demand-3786956,thedailystar.net,True,Dhaka (venue not specified),23.7509,90.3934,city,Dec 2024
139,29 Dec 2024,Armed forces pension protest,Other Miscellaneous Movements,Alternative demand for pension if reinstatement impossible,The Daily Star,https://www.thedailystar.net/news/bangladesh/news/dismissed-armed-forces-members-protest-jahangir-gate-3-point-demand-3786956,thedailystar.net,True,Dhaka (venue not specified),23.7509,90.3934,city,Dec 2024
140,29 Dec 2024,Armed forces judicial-reform protest,Other Miscellaneous Movements,Demand for reform of judicial/legal framework,The Daily Star,https://www.thedailystar.net/news/bangladesh/news/dismissed-armed-forces-members-protest-jahangir-gate-3-point-demand-3786956,thedailystar.net,True,Dhaka (venue not specified),23.7509,90.3934,city,Dec 2024
141,4 Jan 2025,Kakrail press conference protest programme,Transport and Communication Sector Movements,Tabligh-linked leaders announced protest programme in Dhaka,The Daily Star,https://www.thedailystar.net/news/bangladesh/news/tabligh-jamaat-protest-jan-10-confce-jan-25-3791811,thedailystar.net,True,Paltan,23.7345,90.413,approx-landmark,Jan 2025
142,10 Jan 2025,Tabligh Jamaat Kakrail protest announcement,Transport and Communication Sector Movements,Zubair faction announced nationwide protest against Saad supporters,The Daily Star,https://www.thedailystar.net/news/bangladesh/news/tabligh-jamaat-protest-jan-10-confce-jan-25-3791811,thedailystar.net,True,Paltan,23.7345,90.413,approx-landmark,Jan 2025
143,Jan 2025,Tabligh Jamaat demand to ban Saad activities,"Social, Political and Rights-Based Movements",Demand for restrictions on Saad Kandhalvi followers,The Daily Star,https://www.thedailystar.net/news/bangladesh/news/tabligh-jamaat-protest-jan-10-confce-jan-25-3791811,thedailystar.net,True,Dhaka (venue not specified),23.7509,90.3934,city,Jan 2025
144,23 Jan 2025,BNP protest over neutrality,Other Miscellaneous Movements,Discussion at Jatiya Press Club criticised interim government's neutrality,The Daily Star,https://www.thedailystar.net/news/bangladesh/politics/news/interim-govt-failing-maintain-neutrality-some-issues-fakhrul-3806661,thedailystar.net,True,National Press Club,23.7333,90.4053,approx-landmark,Jan 2025
145,23 Jan 2025,Shaheed Asad Parishad Dhaka discussion,Other Miscellaneous Movements,Political discussion at Jatiya Press Club raised government neutrality issue,The Daily Star,https://www.thedailystar.net/news/bangladesh/politics/news/interim-govt-failing-maintain-neutrality-some-issues-fakhrul-3806661,thedailystar.net,True,National Press Club,23.7333,90.4053,approx-landmark,Jan 2025
146,23 Jan 2025,Fakhrul neutrality protest statement,Other Miscellaneous Movements,BNP demanded impartial interim government,The Daily Star,https://www.thedailystar.net/news/bangladesh/politics/news/interim-govt-failing-maintain-neutrality-some-issues-fakhrul-3806661,thedailystar.net,True,Dhaka (venue not specified),23.7509,90.3934,city,Jan 2025
147,23 Jan 2025,Election-time neutral government demand,"Professional, Employee and Institutional Movements",BNP discussion called for neutrality ahead of election,The Daily Star,https://www.thedailystar.net/news/bangladesh/politics/news/interim-govt-failing-maintain-neutrality-some-issues-fakhrul-3806661,thedailystar.net,True,Dhaka (venue not specified),23.7509,90.3934,city,Jan 2025
148,25 Jan 2025,Ulema-Mashayekh conference programme,Other Miscellaneous Movements,Conference announced at press conference in Kakrail,The Daily Star,https://www.thedailystar.net/news/bangladesh/news/tabligh-jamaat-protest-jan-10-confce-jan-25-3791811,thedailystar.net,True,Paltan,23.7345,90.413,approx-landmark,Jan 2025
149,10 Feb 2025,Primary teacher recruits Shahbagh sit-in,Education and Student Movements,Cancelled primary assistant teacher recruits protested at Shahbagh,The Daily Star,https://www.thedailystar.net/news/bangladesh/news/police-swoop-protesters-3821151,thedailystar.net,True,Shahbagh,23.7389,90.3958,approx-landmark,Feb 2025
150,10 Feb 2025,Primary teacher recruits blockade,Education and Student Movements,Protesters partially blocked Shahbagh for more than four hours,The Daily Star,https://www.thedailystar.net/news/bangladesh/news/police-swoop-protesters-3821151,thedailystar.net,True,Shahbagh,23.7389,90.3958,approx-landmark,Feb 2025
151,10 Feb 2025,Primary teacher recruits National Museum protest,Education and Student Movements,"After police action, protesters continued near National Museum",The Daily Star,https://www.thedailystar.net/news/bangladesh/news/police-swoop-protesters-3821151,thedailystar.net,True,Dhaka (venue not specified),23.7509,90.3934,city,Feb 2025
152,10 Feb 2025,Primary teacher recruits police-clash protest,Education and Student Movements,"Protest escalated after baton, tear gas and water-cannon action",The Daily Star,https://www.thedailystar.net/news/bangladesh/news/police-swoop-protesters-3821151,thedailystar.net,True,Dhaka (venue not specified),23.7509,90.3934,city,Feb 2025
153,Feb 2025,Earlier injured protesters' Shahbagh/Jamuna blockades,Other Miscellaneous Movements,Earlier capital blockades demanding recognition and rehabilitation,Dhaka Tribune,https://www.dhakatribune.com/bangladesh/dhaka/374813/injured-july-uprising-protesters-stage-sit-in-at,dhakatribune.com,True,Shahbagh,23.7389,90.3958,approx-landmark,Feb 2025
154,26 Feb 2025,July-injured protesters CA Office sit-in,"Social, Political and Rights-Based Movements",Injured uprising protesters marched to Tejgaon and sat in,Dhaka Tribune,https://www.dhakatribune.com/bangladesh/dhaka/374813/injured-july-uprising-protesters-stage-sit-in-at,dhakatribune.com,True,Tejgaon,23.764,90.396,approx-landmark,Feb 2025
155,26 Feb 2025,July-injured protesters compensation demand,"Social, Political and Rights-Based Movements",Demanded appropriate compensation,Dhaka Tribune,https://www.dhakatribune.com/bangladesh/dhaka/374813/injured-july-uprising-protesters-stage-sit-in-at,dhakatribune.com,True,Dhaka (venue not specified),23.7509,90.3934,city,Feb 2025
156,26 Feb 2025,July-injured protesters rehabilitation demand,"Social, Political and Rights-Based Movements",Demanded sufficient support/rehabilitation,Dhaka Tribune,https://www.dhakatribune.com/bangladesh/dhaka/374813/injured-july-uprising-protesters-stage-sit-in-at,dhakatribune.com,True,Dhaka (venue not specified),23.7509,90.3934,city,Feb 2025
157,10 Mar 2025,Stamford anti-violence rally,Other Miscellaneous Movements,"Teachers, students and staff rallied at Siddheshwari campus",The Daily Star,https://www.thedailystar.net/news/bangladesh/rights/news/teachers-students-stamford-university-protest-violence-against-women-3844416,thedailystar.net,True,Dhaka (venue not specified),23.7509,90.3934,city,Mar 2025
158,10 Mar 2025,Stamford Bot Tola demonstration,Other Miscellaneous Movements,Demonstrators protested violence and harassment of women,The Daily Star,https://www.thedailystar.net/news/bangladesh/rights/news/teachers-students-stamford-university-protest-violence-against-women-3844416,thedailystar.net,True,Dhaka (venue not specified),23.7509,90.3934,city,Mar 2025
159,10 Mar 2025,Stamford justice-for-victims march,Other Miscellaneous Movements,Protesters marched around campus demanding justice,The Daily Star,https://www.thedailystar.net/news/bangladesh/rights/news/teachers-students-stamford-university-protest-violence-against-women-3844416,thedailystar.net,True,Dhaka (venue not specified),23.7509,90.3934,city,Mar 2025
160,10 Mar 2025,Stamford exemplary-punishment protest,Other Miscellaneous Movements,Speakers demanded exemplary punishment and preventive measures,The Daily Star,https://www.thedailystar.net/news/bangladesh/rights/news/teachers-students-stamford-university-protest-violence-against-women-3844416,thedailystar.net,True,Dhaka (venue not specified),23.7509,90.3934,city,Mar 2025
161,11 Mar 2025,DU White Panel human chain against violence,Other Miscellaneous Movements,Teachers held human chain at Aparajeyo Bangla,The Daily Star,https://www.thedailystar.net/news/bangladesh/news/section-du-teachers-students-protest-over-violence-against-women-3844891,thedailystar.net,True,Dhaka University campus,23.733,90.3928,approx-landmark,Mar 2025
162,11 Mar 2025,DU Economics anti-rape protest,"Social, Political and Rights-Based Movements",Economics teachers/students protested rape and violence,The Daily Star,https://www.thedailystar.net/news/bangladesh/news/section-du-teachers-students-protest-over-violence-against-women-3844891,thedailystar.net,True,Dhaka (venue not specified),23.7509,90.3934,city,Mar 2025
163,11 Mar 2025,DU protest demanding law-and-order action,Other Miscellaneous Movements,Protesters demanded action over deteriorating law and order,The Daily Star,https://www.thedailystar.net/news/bangladesh/news/section-du-teachers-students-protest-over-violence-against-women-3844891,thedailystar.net,True,Dhaka (venue not specified),23.7509,90.3934,city,Mar 2025
164,11 Mar 2025,DU protest demanding Home Adviser resignation,Other Miscellaneous Movements,Both programmes called for Home Affairs adviser's resignation,The Daily Star,https://www.thedailystar.net/news/bangladesh/news/section-du-teachers-students-protest-over-violence-against-women-3844891,thedailystar.net,True,Dhaka (venue not specified),23.7509,90.3934,city,Mar 2025
165,11 Mar 2025,Non-govt primary teachers' Press Club procession,Education and Student Movements,Teachers marched toward Jamuna for nationalisation,The Daily Star,https://www.thedailystar.net/news/bangladesh/education/news/pry-school-teachers-cops-use-water-cannons-batons-protesters-3846026,thedailystar.net,True,National Press Club,23.7333,90.4053,approx-landmark,Mar 2025
166,11 Mar 2025,Non-govt primary teachers' nationalisation protest,Education and Student Movements,Demanded nationalisation of institutions,The Daily Star,https://www.thedailystar.net/news/bangladesh/education/news/pry-school-teachers-cops-use-water-cannons-batons-protesters-3846026,thedailystar.net,True,Dhaka (venue not specified),23.7509,90.3934,city,Mar 2025
167,11 Mar 2025,Non-govt primary teachers' police-action protest,Education and Student Movements,Protest continued after baton/water-cannon dispersal,The Daily Star,https://www.thedailystar.net/news/bangladesh/education/news/pry-school-teachers-cops-use-water-cannons-batons-protesters-3846026,thedailystar.net,True,Dhaka (venue not specified),23.7509,90.3934,city,Mar 2025
168,11 Mar 2025,Non-govt primary teachers' Jamuna-bound procession,Education and Student Movements,Procession moved from Press Club toward chief adviser's residence,The Daily Star,https://www.thedailystar.net/news/bangladesh/education/news/pry-school-teachers-cops-use-water-cannons-batons-protesters-3846026,thedailystar.net,True,National Press Club,23.7333,90.4053,approx-landmark,Mar 2025
169,20 Mar 2025,DU Hindu students protest religious remarks,Education and Student Movements,Students rallied at Raju Sculpture,The Daily Star,https://www.thedailystar.net/news/bangladesh/education/news/protest-du-over-obscene-remarks-religion-3853686,thedailystar.net,True,"Raju Sculpture, Dhaka University",23.7333,90.3948,approx-landmark,Mar 2025
170,20 Mar 2025,DU Hindu students march through campus,Education and Student Movements,Students marched through VC Chattar and Fuller Road,The Daily Star,https://www.thedailystar.net/news/bangladesh/education/news/protest-du-over-obscene-remarks-religion-3853686,thedailystar.net,True,Dhaka University campus,23.733,90.3928,approx-landmark,Mar 2025
171,20 Mar 2025,DU protest demanding suspension,Other Miscellaneous Movements,Students demanded suspension of accused student,The Daily Star,https://www.thedailystar.net/news/bangladesh/education/news/protest-du-over-obscene-remarks-religion-3853686,thedailystar.net,True,Dhaka (venue not specified),23.7509,90.3934,city,Mar 2025
172,20 Mar 2025,DU protest for institutional monitoring,Other Miscellaneous Movements,Students called for action against derogatory posts and monitoring,The Daily Star,https://www.thedailystar.net/news/bangladesh/education/news/protest-du-over-obscene-remarks-religion-3853686,thedailystar.net,True,Dhaka (venue not specified),23.7509,90.3934,city,Mar 2025
173,27 Apr 2025,Polytechnic students Tejgaon procession,Education and Student Movements,Dhaka Polytechnic students held six-point reform procession,The Daily Star,https://www.thedailystar.net/news/bangladesh/news/6-point-demand-students-polytechnic-instt-resume-protests-3881606,thedailystar.net,True,Tejgaon,23.764,90.396,approx-landmark,Apr 2025
174,27 Apr 2025,Polytechnic students technical-education reform protest,Education and Student Movements,Students demanded six-point reforms,The Daily Star,https://www.thedailystar.net/news/bangladesh/news/6-point-demand-students-polytechnic-instt-resume-protests-3881606,thedailystar.net,True,Tejgaon,23.764,90.396,approx-landmark,Apr 2025
175,27 Apr 2025,Polytechnic students promotion-quota protest,Education and Student Movements,Demanded cancellation of 30% promotion quota for craft instructors,The Daily Star,https://www.thedailystar.net/news/bangladesh/news/6-point-demand-students-polytechnic-instt-resume-protests-3881606,thedailystar.net,True,Tejgaon,23.764,90.396,approx-landmark,Apr 2025
176,27 Apr 2025,Polytechnic students technical university demand,Education and Student Movements,Demanded dedicated technical university,The Daily Star,https://www.thedailystar.net/news/bangladesh/news/6-point-demand-students-polytechnic-instt-resume-protests-3881606,thedailystar.net,True,Tejgaon,23.764,90.396,approx-landmark,Apr 2025
177,8 May 2025,NCP Jamuna sit-in against AL,"Social, Political and Rights-Based Movements",NCP activists staged sit-in outside Jamuna demanding AL ban,The Daily Star,https://www.thedailystar.net/news/bangladesh/politics/news/ncp-stages-demo-front-yunus-residence-demanding-al-ban-3890386,thedailystar.net,True,Jamuna State Guest House,23.7396,90.4066,approx-landmark,May 2025
178,8 May 2025,NCP Hasnat-led Jamuna protest,"Social, Political and Rights-Based Movements",Hasnat Abdullah led group to Jamuna around 10pm,The Daily Star,https://www.thedailystar.net/news/bangladesh/politics/news/ncp-stages-demo-front-yunus-residence-demanding-al-ban-3890386,thedailystar.net,True,Jamuna State Guest House,23.7396,90.4066,approx-landmark,May 2025
179,9 May 2025,NCP Nahid-Akhtar procession joins Jamuna sit-in,"Social, Political and Rights-Based Movements",Second group joined the sit-in around 1am,bdnews24.com,https://bdnews24.com/bangladesh/a20fb768b1df,bdnews24.com,True,Jamuna State Guest House,23.7396,90.4066,approx-landmark,May 2025
180,9 May 2025,Jamuna access-road blockade during AL-ban protest,Other Miscellaneous Movements,Police sealed key Dhaka roads during the protest,bdnews24.com,https://bdnews24.com/bangladesh/a20fb768b1df,bdnews24.com,True,Jamuna State Guest House,23.7396,90.4066,approx-landmark,May 2025
181,9 May 2025,Jamuna overnight AL-ban demonstration,Other Miscellaneous Movements,Hundreds demonstrated throughout night outside Yunus residence,The Daily Star,https://www.thedailystar.net/news/bangladesh/politics/news/demos-demanding-al-ban-spread-3891646,thedailystar.net,True,Jamuna State Guest House,23.7396,90.4066,approx-landmark,May 2025
182,9 May 2025,NCP Jamuna protest and police barricades,"Professional, Employee and Institutional Movements",Police sealed key roads during AL-ban protest outside Jamuna,bdnews24.com,https://bdnews24.com/bangladesh/a20fb768b1df,bdnews24.com,True,Jamuna State Guest House,23.7396,90.4066,approx-landmark,May 2025
183,10 May 2025,Shahbagh mass sit-in for AL ban,Other Miscellaneous Movements,NCP and other groups staged mass sit-in at Shahbagh,The Daily Star,https://www.thedailystar.net/news/bangladesh/politics/news/demos-demanding-al-ban-spread-3891646,thedailystar.net,True,Shahbagh,23.7389,90.3958,approx-landmark,May 2025
184,10 May 2025,Shahbagh blockade continuation,Other Miscellaneous Movements,Shahbagh remained blocked as protesters demanded AL ban,The Daily Star,https://www.thedailystar.net/news/bangladesh/politics/news/demos-demanding-al-ban-spread-3891646,thedailystar.net,True,Shahbagh,23.7389,90.3958,approx-landmark,May 2025
185,10 May 2025,Dhaka-wide AL-ban protest spread,Other Miscellaneous Movements,Protests spread to other parts of Dhaka,The Daily Star,https://www.thedailystar.net/news/bangladesh/politics/news/demos-demanding-al-ban-spread-3891646,thedailystar.net,True,Dhaka (venue not specified),23.7509,90.3934,city,May 2025
186,11 May 2025,July-injured protesters Shahbagh blockade,"Social, Political and Rights-Based Movements","Injured protesters blocked Shahbagh over AL ban, July Charter and care",bdnews24.com,https://bdnews24.com/bangladesh/66450290a83e,bdnews24.com,True,Shahbagh,23.7389,90.3958,approx-landmark,May 2025
187,11 May 2025,July-injured protesters July Charter demand,"Social, Political and Rights-Based Movements",Protesters demanded issuance of July Charter,bdnews24.com,https://bdnews24.com/bangladesh/66450290a83e,bdnews24.com,True,Dhaka (venue not specified),23.7509,90.3934,city,May 2025
188,11 May 2025,July-injured protesters medical-care protest,"Social, Political and Rights-Based Movements",Protesters demanded proper medical care,bdnews24.com,https://bdnews24.com/bangladesh/66450290a83e,bdnews24.com,True,Dhaka (venue not specified),23.7509,90.3934,city,May 2025
189,11 May 2025,July-injured protesters continued sit-in after AL decision,"Social, Political and Rights-Based Movements",Some injured protesters continued blockade after government decision,bdnews24.com,https://bdnews24.com/bangladesh/66450290a83e,bdnews24.com,True,Dhaka (venue not specified),23.7509,90.3934,city,May 2025
190,13 May 2025,JnU march to Jamuna,Other Miscellaneous Movements,Students marched toward chief adviser's residence for housing allowance and facilities,The Daily Star,https://www.thedailystar.net/news/bangladesh/news/jnu-protesters-press-kakrail-sit-3894821,thedailystar.net,True,Jamuna State Guest House,23.7396,90.4066,approx-landmark,May 2025
191,14 May 2025,JnU Kakrail sit-in,Transport and Communication Sector Movements,Students and teachers continued sit-in at Kakrail,The Daily Star,https://www.thedailystar.net/news/bangladesh/news/jnu-protesters-press-kakrail-sit-3894821,thedailystar.net,True,Jagannath University,23.7104,90.4074,approx-landmark,May 2025
192,14 May 2025,JnU protest for housing allowance,Other Miscellaneous Movements,Housing allowance was one of three core demands,The Daily Star,https://www.thedailystar.net/news/bangladesh/news/jnu-protesters-press-kakrail-sit-3894821,thedailystar.net,True,Jagannath University,23.7104,90.4074,approx-landmark,May 2025
193,14 May 2025,JnU protest for increased budget/facilities,Other Miscellaneous Movements,Students demanded increased budget and improved academic facilities,The Daily Star,https://www.thedailystar.net/news/bangladesh/news/jnu-protesters-press-kakrail-sit-3894821,thedailystar.net,True,Jagannath University,23.7104,90.4074,approx-landmark,May 2025
194,May 2025,Secretariat employees' protest over ordinance,"Professional, Employee and Institutional Movements",Secretariat employees protested Government Service Amendment Ordinance,The Daily Star,https://www.thedailystar.net/news/bangladesh/news/bangladesh-secretariat-employees-declare-fresh-protests-3905651,thedailystar.net,True,Bangladesh Secretariat,23.7295,90.4074,approx-landmark,May 2025
195,May 2025,Secretariat employee work-stoppage programme,"Professional, Employee and Institutional Movements",Employees announced fresh work-stoppage/protest programmes,The Daily Star,https://www.thedailystar.net/news/bangladesh/news/bangladesh-secretariat-employees-declare-fresh-protests-3905651,thedailystar.net,True,Bangladesh Secretariat,23.7295,90.4074,approx-landmark,May 2025
196,May 2025,Secretariat employee demand to withdraw ordinance,"Professional, Employee and Institutional Movements",Employees demanded withdrawal/amendment of ordinance,The Daily Star,https://www.thedailystar.net/news/bangladesh/news/bangladesh-secretariat-employees-declare-fresh-protests-3905651,thedailystar.net,True,Bangladesh Secretariat,23.7295,90.4074,approx-landmark,May 2025
197,May 2025,Secretariat employee protest escalation,"Professional, Employee and Institutional Movements",Employees threatened further programmes over ordinance,The Daily Star,https://www.thedailystar.net/news/bangladesh/news/bangladesh-secretariat-employees-declare-fresh-protests-3905651,thedailystar.net,True,Bangladesh Secretariat,23.7295,90.4074,approx-landmark,May 2025
198,24 May 2025,March for Yunus Shahbagh,"Social, Political and Rights-Based Movements",Protesters gathered at Shahbagh under March for Yunus,The Daily Star,https://www.thedailystar.net/news/bangladesh/rights/news/march-yunus-protest-shahbagh-five-point-demands-3902271,thedailystar.net,True,Shahbagh,23.7389,90.3958,approx-landmark,May 2025
199,24 May 2025,March for Yunus president demand,"Social, Political and Rights-Based Movements",Demanded appointment of Yunus as president,The Daily Star,https://www.thedailystar.net/news/bangladesh/rights/news/march-yunus-protest-shahbagh-five-point-demands-3902271,thedailystar.net,True,Dhaka (venue not specified),23.7509,90.3934,city,May 2025
200,24 May 2025,March for Yunus five-year demand,"Social, Political and Rights-Based Movements",Demanded keeping Yunus in power at least five years,The Daily Star,https://www.thedailystar.net/news/bangladesh/rights/news/march-yunus-protest-shahbagh-five-point-demands-3902271,thedailystar.net,True,Dhaka (venue not specified),23.7509,90.3934,city,May 2025
201,24 May 2025,March for Yunus national-government demand,"Professional, Employee and Institutional Movements",Demanded national government with all parties and reforms,The Daily Star,https://www.thedailystar.net/news/bangladesh/rights/news/march-yunus-protest-shahbagh-five-point-demands-3902271,thedailystar.net,True,Dhaka (venue not specified),23.7509,90.3934,city,May 2025
202,24 May 2025,March for Yunus Shahbagh five-point programme,"Social, Political and Rights-Based Movements",March for Yunus held five-point demonstration at Shahbagh,The Daily Star,https://www.thedailystar.net/news/bangladesh/rights/news/march-yunus-protest-shahbagh-five-point-demands-3902271,thedailystar.net,True,Shahbagh,23.7389,90.3958,approx-landmark,May 2025
203,27 May 2025,Ishraque Nagar Bhaban blockade,Other Miscellaneous Movements,Supporters blocked road outside Nagar Bhaban demanding mayoral appointment,The Daily Star,https://www.thedailystar.net/node/3904681,thedailystar.net,True,Dhaka (venue not specified),23.7509,90.3934,city,May 2025
204,27 May 2025,Ishraque DSCC employees sit-in,"Professional, Employee and Institutional Movements",DSCC Employees Union staged sit-in,The Daily Star,https://www.thedailystar.net/node/3904681,thedailystar.net,True,Dhaka (venue not specified),23.7509,90.3934,city,May 2025
205,27 May 2025,Ishraque supporters' Dhaka South procession,Transport and Communication Sector Movements,Supporters from different areas joined processions,The Daily Star,https://www.thedailystar.net/node/3904681,thedailystar.net,True,Dhaka (venue not specified),23.7509,90.3934,city,May 2025
206,27 May 2025,Ishraque services shutdown protest,Other Miscellaneous Movements,Civic services halted during Nagar Bhaban protest,The Daily Star,https://www.thedailystar.net/node/3904681,thedailystar.net,True,Dhaka (venue not specified),23.7509,90.3934,city,May 2025
207,2 Jun 2025,Ishraque Nagar Bhaban 21-day sit-in,Other Miscellaneous Movements,Supporters and DSCC employees continued sit-in for 21st day,The Daily Star,https://www.thedailystar.net/news/bangladesh/news/ishraque-suspends-protest-till-eid-3910661,thedailystar.net,True,Dhaka (venue not specified),23.7509,90.3934,city,Jun 2025
208,3 Jun 2025,Ishraque Eid protest suspension,Other Miscellaneous Movements,Movement was suspended until Eid after ongoing sit-in,The Daily Star,https://www.thedailystar.net/news/bangladesh/news/ishraque-suspends-protest-till-eid-3910661,thedailystar.net,True,Dhaka (venue not specified),23.7509,90.3934,city,Jun 2025
209,3 Jun 2025,Ishraque self-oath threat protest,Other Miscellaneous Movements,Ishraque warned of self-oath at Shaheed Minar if swearing-in delayed,The Daily Star,https://www.thedailystar.net/news/bangladesh/news/ishraque-suspends-protest-till-eid-3910661,thedailystar.net,True,Central Shaheed Minar,23.7276,90.402,approx-landmark,Jun 2025
210,3 Jun 2025,Ishraque neutrality protest,Other Miscellaneous Movements,Movement accused interim govt of losing neutrality,The Daily Star,https://www.thedailystar.net/news/bangladesh/news/ishraque-suspends-protest-till-eid-3910661,thedailystar.net,True,Dhaka (venue not specified),23.7509,90.3934,city,Jun 2025
211,Jun 2025,Jamaat symbolic boycott of NCC talks,"Social, Political and Rights-Based Movements",Jamaat boycotted talks as symbolic protest against interim govt,The Daily Star,https://www.thedailystar.net/news/bangladesh/politics/news/jamaat-says-talks-boycott-was-symbolic-protest-against-interim-govt-3920406,thedailystar.net,True,Dhaka (venue not specified),23.7509,90.3934,city,Jun 2025
212,Jun 2025,Jamaat protest over Yunus London meeting,"Social, Political and Rights-Based Movements",Objected to Yunus's London meeting/decisions,The Daily Star,https://www.thedailystar.net/news/bangladesh/politics/news/jamaat-says-talks-boycott-was-symbolic-protest-against-interim-govt-3920406,thedailystar.net,True,Dhaka (venue not specified),23.7509,90.3934,city,Jun 2025
213,Jun 2025,NBR protest/strike affecting Dhaka,"Professional, Employee and Institutional Movements",NBR employees protested restructuring,The Daily Star,https://www.thedailystar.net/news/bangladesh/news/nbr-strike-trade-thru-ports-halts-day-1-3927951,thedailystar.net,True,Dhaka (venue not specified),23.7509,90.3934,city,Jun 2025
214,Jun 2025,NBR March to NBR,"Professional, Employee and Institutional Movements",Employees staged March to NBR against restructuring,The Daily Star,https://www.thedailystar.net/news/bangladesh/news/nbr-strike-trade-thru-ports-halts-day-1-3927951,thedailystar.net,True,Dhaka (venue not specified),23.7509,90.3934,city,Jun 2025
215,27 Jun 2025,Leftist Dhaka port-control rally,Transport and Communication Sector Movements,Leftist coalition launched road march with Dhaka rally,The Daily Star,https://www.thedailystar.net/news/bangladesh/news/leftist-parties-begin-dhaka-ctg-road-march-3927021,thedailystar.net,True,Dhaka (venue not specified),23.7509,90.3934,city,Jun 2025
216,27 Jun 2025,Anti-imperialist port-control protest,Transport and Communication Sector Movements,Demanded Chattogram Port remain under state control,The Daily Star,https://www.thedailystar.net/news/bangladesh/news/leftist-parties-begin-dhaka-ctg-road-march-3927021,thedailystar.net,True,Dhaka (venue not specified),23.7509,90.3934,city,Jun 2025
217,27 Jun 2025,Anti-corridor Dhaka protest,Other Miscellaneous Movements,Demanded scrapping proposed Rakhine transit corridor,The Daily Star,https://www.thedailystar.net/news/bangladesh/news/leftist-parties-begin-dhaka-ctg-road-march-3927021,thedailystar.net,True,Dhaka (venue not specified),23.7509,90.3934,city,Jun 2025
218,27 Jun 2025,Starlink agreement protest,Other Miscellaneous Movements,Demanded cancellation of Starlink agreement,The Daily Star,https://www.thedailystar.net/news/bangladesh/news/leftist-parties-begin-dhaka-ctg-road-march-3927021,thedailystar.net,True,Dhaka (venue not specified),23.7509,90.3934,city,Jun 2025
219,14 Jul 2025,JCD Shahbagh blockade,Other Miscellaneous Movements,Thousands blocked Shahbagh against mob-incitement/academic disruption,The Daily Star,https://www.thedailystar.net/news/bangladesh/news/chhatra-dal-blocks-shahbagh-hour-protesting-mobs-academic-disruption-3939366,thedailystar.net,True,Shahbagh,23.7389,90.3958,approx-landmark,Jul 2025
220,14 Jul 2025,JCD Nayapaltan procession,Other Miscellaneous Movements,JCD activists gathered at Nayapaltan before marching,The Daily Star,https://www.thedailystar.net/news/bangladesh/news/chhatra-dal-blocks-shahbagh-hour-protesting-mobs-academic-disruption-3939366,thedailystar.net,True,Paltan,23.7345,90.413,approx-landmark,Jul 2025
221,14 Jul 2025,JCD Press Club to Shahbagh march,Other Miscellaneous Movements,Activists marched toward Shahbagh via Press Club,The Daily Star,https://www.thedailystar.net/news/bangladesh/news/chhatra-dal-blocks-shahbagh-hour-protesting-mobs-academic-disruption-3939366,thedailystar.net,True,Shahbagh,23.7389,90.3958,approx-landmark,Jul 2025
222,14 Jul 2025,JCD anti-mob protest,Other Miscellaneous Movements,Protested alleged underground group and academic disruption,The Daily Star,https://www.thedailystar.net/news/bangladesh/news/chhatra-dal-blocks-shahbagh-hour-protesting-mobs-academic-disruption-3939366,thedailystar.net,True,Dhaka (venue not specified),23.7509,90.3934,city,Jul 2025
223,6 Aug 2025,Dhaka Central University Science Lab protest,Education and Student Movements,Students marched and demonstrated for ordinance,The Daily Star,https://www.thedailystar.net/news/bangladesh/education/news/nationala-day-agodhaka-central-university-students-stage-protest-demanding-ordinance-3956701,thedailystar.net,True,Science Lab intersection,23.7385,90.384,approx-landmark,Aug 2025
224,6 Aug 2025,Dhaka Central University New Market march,Education and Student Movements,Students marched from Science Lab toward New Market,The Daily Star,https://www.thedailystar.net/news/bangladesh/education/news/nationala-day-agodhaka-central-university-students-stage-protest-demanding-ordinance-3956701,thedailystar.net,True,Science Lab intersection,23.7385,90.384,approx-landmark,Aug 2025
225,6 Aug 2025,Dhaka Central University Science Lab blockade,Education and Student Movements,Students blocked intersection for several minutes,The Daily Star,https://www.thedailystar.net/news/bangladesh/education/news/nationala-day-agodhaka-central-university-students-stage-protest-demanding-ordinance-3956701,thedailystar.net,True,Science Lab intersection,23.7385,90.384,approx-landmark,Aug 2025
226,6 Aug 2025,Dhaka Central University ordinance demand,Education and Student Movements,Students demanded immediate ordinance,The Daily Star,https://www.thedailystar.net/news/bangladesh/education/news/nationala-day-agodhaka-central-university-students-stage-protest-demanding-ordinance-3956701,thedailystar.net,True,Dhaka (venue not specified),23.7509,90.3934,city,Aug 2025
227,6 Aug 2025,Dhaka Central University ordinance blockade,Education and Student Movements,Seven-college students blocked Science Laboratory for ordinance,The Daily Star,https://www.thedailystar.net/news/bangladesh/education/news/nationala-day-agodhaka-central-university-students-stage-protest-demanding-ordinance-3956701,thedailystar.net,True,Science Lab intersection,23.7385,90.384,approx-landmark,Aug 2025
228,27 Aug 2025,Engineering students Dhaka protest,Education and Student Movements,BUET and other engineering students demonstrated in Dhaka,The Daily Star,https://www.thedailystar.net/news/bangladesh/education/news/buet-condemns-police-action-protesting-engineering-students-dhaka,thedailystar.net,True,BUET,23.7265,90.3925,approx-landmark,Aug 2025
229,27 Aug 2025,Engineering students assistant-engineer recruitment protest,Education and Student Movements,Demanded BSc engineers be recruited as assistant engineers,The Daily Star,https://www.thedailystar.net/news/bangladesh/education/news/buet-condemns-police-action-protesting-engineering-students-dhaka,thedailystar.net,True,Dhaka (venue not specified),23.7509,90.3934,city,Aug 2025
230,27 Aug 2025,Engineering students title protest,Education and Student Movements,Demanded diploma engineers not use engineer title,The Daily Star,https://www.thedailystar.net/news/bangladesh/education/news/buet-condemns-police-action-protesting-engineering-students-dhaka,thedailystar.net,True,Dhaka (venue not specified),23.7509,90.3934,city,Aug 2025
231,27 Aug 2025,Engineering students grade/promotion protest,Education and Student Movements,Demanded changes to promotion/grade rules,The Daily Star,https://www.thedailystar.net/news/bangladesh/education/news/buet-condemns-police-action-protesting-engineering-students-dhaka,thedailystar.net,True,Dhaka (venue not specified),23.7509,90.3934,city,Aug 2025
232,27 Aug 2025,Engineering students police-action protest,Education and Student Movements,Engineering students continued Dhaka demonstrations after police action,The Daily Star,https://www.thedailystar.net/news/bangladesh/education/news/buet-condemns-police-action-protesting-engineering-students-dhaka,thedailystar.net,True,Dhaka (venue not specified),23.7509,90.3934,city,Aug 2025
233,27 Aug 2025,BUET demand for investigation into police attack,"Professional, Employee and Institutional Movements",BUET demanded probe into police attack,The Daily Star,https://www.thedailystar.net/news/bangladesh/education/news/buet-condemns-police-action-protesting-engineering-students-dhaka,thedailystar.net,True,BUET,23.7265,90.3925,approx-landmark,Aug 2025
234,27 Aug 2025,Engineering graduates 10th-grade demand,Education and Student Movements,Students demanded direct placement/grade treatment,The Daily Star,https://www.thedailystar.net/news/bangladesh/education/news/buet-condemns-police-action-protesting-engineering-students-dhaka,thedailystar.net,True,Dhaka (venue not specified),23.7509,90.3934,city,Aug 2025
235,27 Aug 2025,Engineering students diploma-title protest,Education and Student Movements,Students demanded restrictions on use of engineer title,The Daily Star,https://www.thedailystar.net/news/bangladesh/education/news/buet-condemns-police-action-protesting-engineering-students-dhaka,thedailystar.net,True,Dhaka (venue not specified),23.7509,90.3934,city,Aug 2025
236,27 Aug 2025,Engineering students protest police attack in Dhaka,Education and Student Movements,Engineering students demonstrated over recruitment/engineering-status demands,The Daily Star,https://www.thedailystar.net/news/bangladesh/education/news/buet-condemns-police-action-protesting-engineering-students-dhaka,thedailystar.net,True,Dhaka (venue not specified),23.7509,90.3934,city,Aug 2025
237,29 Aug 2025,DU protest over Nur attack,Other Miscellaneous Movements,Student organisations marched on DU campus demanding justice,The Daily Star,https://www.thedailystar.net/news/bangladesh/politics/news/student-bodies-protest-du-campus-over-attack-nur-3973931,thedailystar.net,True,Dhaka University campus,23.733,90.3928,approx-landmark,Aug 2025
238,29 Aug 2025,DU Raju Sculpture rally over Nur,Other Miscellaneous Movements,Protesters held rally at Raju Memorial Sculpture,The Daily Star,https://www.thedailystar.net/news/bangladesh/politics/news/student-bodies-protest-du-campus-over-attack-nur-3973931,thedailystar.net,True,"Raju Sculpture, Dhaka University",23.7333,90.3948,approx-landmark,Aug 2025
239,29 Aug 2025,DU demand to hold attackers accountable,Other Miscellaneous Movements,Speakers demanded identification and punishment,The Daily Star,https://www.thedailystar.net/news/bangladesh/politics/news/student-bodies-protest-du-campus-over-attack-nur-3973931,thedailystar.net,True,Dhaka (venue not specified),23.7509,90.3934,city,Aug 2025
240,29 Aug 2025,DU demand against Jatiya Party,Other Miscellaneous Movements,Some speakers demanded Jatiya Party be banned,The Daily Star,https://www.thedailystar.net/news/bangladesh/politics/news/student-bodies-protest-du-campus-over-attack-nur-3973931,thedailystar.net,True,Dhaka (venue not specified),23.7509,90.3934,city,Aug 2025
241,29 Aug 2025,DU students protest Nur attack late-night,Education and Student Movements,Students marched on DU campus late at night after Nur attack,The Daily Star,https://www.thedailystar.net/news/bangladesh/politics/news/student-bodies-protest-du-campus-over-attack-nur-3973931,thedailystar.net,True,Dhaka University campus,23.733,90.3928,approx-landmark,Aug 2025
242,29 Aug 2025,DU Nur attack accountability rally,Other Miscellaneous Movements,Rally demanded interim government accountability,The Daily Star,https://www.thedailystar.net/news/bangladesh/politics/news/student-bodies-protest-du-campus-over-attack-nur-3973931,thedailystar.net,True,Dhaka (venue not specified),23.7509,90.3934,city,Aug 2025
243,29 Aug 2025,DU Jatiya Party opposition protest,Other Miscellaneous Movements,Speakers called for action against Jatiya Party,The Daily Star,https://www.thedailystar.net/news/bangladesh/politics/news/student-bodies-protest-du-campus-over-attack-nur-3973931,thedailystar.net,True,Dhaka (venue not specified),23.7509,90.3934,city,Aug 2025
244,29 Aug 2025,DU July spirit protest over Nur attack,"Social, Political and Rights-Based Movements",Protesters framed attack as threat to July movement,The Daily Star,https://www.thedailystar.net/news/bangladesh/politics/news/student-bodies-protest-du-campus-over-attack-nur-3973931,thedailystar.net,True,Dhaka (venue not specified),23.7509,90.3934,city,Aug 2025
245,12 Oct 2025,MPO teachers Press Club demonstration,Education and Student Movements,Thousands of teachers demonstrated at Jatiya Press Club,The Daily Star,https://www.thedailystar.net/news/bangladesh/news/teachers-of-mpo-listed-institutions-demonstrating-outside-press-club-4007861,thedailystar.net,True,National Press Club,23.7333,90.4053,approx-landmark,Oct 2025
246,12 Oct 2025,MPO teachers 20% house-rent demand,Education and Student Movements,Teachers demanded 20% house rent allowance,The Daily Star,https://www.thedailystar.net/news/bangladesh/news/teachers-of-mpo-listed-institutions-demonstrating-outside-press-club-4007861,thedailystar.net,True,Dhaka (venue not specified),23.7509,90.3934,city,Oct 2025
247,12 Oct 2025,MPO teachers continuous sit-in,Education and Student Movements,Programme titled Continuous Sit-in Programme,The Daily Star,https://www.thedailystar.net/news/bangladesh/news/teachers-of-mpo-listed-institutions-demonstrating-outside-press-club-4007861,thedailystar.net,True,Dhaka (venue not specified),23.7509,90.3934,city,Oct 2025
248,12 Oct 2025,MPO teachers road blockade,Education and Student Movements,Thousands filled Press Club area and blocked busy road,The Daily Star,https://www.thedailystar.net/news/bangladesh/news/teachers-of-mpo-listed-institutions-demonstrating-outside-press-club-4007861,thedailystar.net,True,National Press Club,23.7333,90.4053,approx-landmark,Oct 2025
249,12 Oct 2025,MPO teachers police-action protest,Education and Student Movements,Teachers protested police action during sit-in,The Daily Star,https://www.thedailystar.net/news/bangladesh/news/mpo-teachers-call-strike-after-police-excess-4008471,thedailystar.net,True,Dhaka (venue not specified),23.7509,90.3934,city,Oct 2025
250,12 Oct 2025,MPO teachers Shaheed Minar rally,Education and Student Movements,Teachers rallied at Central Shaheed Minar after police dispersal,The Daily Star,https://www.thedailystar.net/news/bangladesh/news/mpo-teachers-call-strike-after-police-excess-4008471,thedailystar.net,True,Central Shaheed Minar,23.7276,90.402,approx-landmark,Oct 2025
251,12 Oct 2025,MPO teachers Press Club police-clash protest,Education and Student Movements,"Police used water cannon, batons and sound grenades against sit-in",The Daily Star,https://www.thedailystar.net/news/bangladesh/news/mpo-teachers-call-strike-after-police-excess-4008471,thedailystar.net,True,National Press Club,23.7333,90.4053,approx-landmark,Oct 2025
252,12 Oct 2025,MPO teachers Press Club road occupation,Education and Student Movements,Thousands blocked busy road around Press Club,The Daily Star,https://www.thedailystar.net/news/bangladesh/news/teachers-of-mpo-listed-institutions-demonstrating-outside-press-club-4007861,thedailystar.net,True,National Press Club,23.7333,90.4053,approx-landmark,Oct 2025
253,12 Oct 2025,MPO teachers nationalisation demand,Education and Student Movements,Teachers demanded nationalisation of jobs,The Daily Star,https://www.thedailystar.net/news/bangladesh/news/teachers-of-mpo-listed-institutions-demonstrating-outside-press-club-4007861,thedailystar.net,True,Dhaka (venue not specified),23.7509,90.3934,city,Oct 2025
254,12 Oct 2025,MPO teachers house-rent protest,Education and Student Movements,Teachers demanded 20% house-rent allowance,The Daily Star,https://www.thedailystar.net/news/bangladesh/news/teachers-of-mpo-listed-institutions-demonstrating-outside-press-club-4007861,thedailystar.net,True,Dhaka (venue not specified),23.7509,90.3934,city,Oct 2025
255,12 Oct 2025,MPO teachers indefinite-strike rally,Education and Student Movements,Teachers announced indefinite work abstention after police action,The Daily Star,https://www.thedailystar.net/news/bangladesh/news/mpo-teachers-call-strike-after-police-excess-4008471,thedailystar.net,True,Dhaka (venue not specified),23.7509,90.3934,city,Oct 2025
256,13 Oct 2025,MPO teachers indefinite work abstention,Education and Student Movements,Teachers announced indefinite work abstention,The Daily Star,https://www.thedailystar.net/news/bangladesh/news/mpo-teachers-call-strike-after-police-excess-4008471,thedailystar.net,True,Dhaka (venue not specified),23.7509,90.3934,city,Oct 2025
257,14 Oct 2025,Seven-party Dhaka human chain,Other Miscellaneous Movements,Seven parties formed human chain in Matsya Bhaban area,The Daily Star,https://www.thedailystar.net/news/bangladesh/politics/news/seven-parties-launch-simultaneous-protests-dhaka-4009576,thedailystar.net,True,Dhaka (venue not specified),23.7509,90.3934,city,Oct 2025
258,14 Oct 2025,Seven-party February election demand,Other Miscellaneous Movements,Parties demanded February national election,The Daily Star,https://www.thedailystar.net/news/bangladesh/politics/news/seven-parties-launch-simultaneous-protests-dhaka-4009576,thedailystar.net,True,Dhaka (venue not specified),23.7509,90.3934,city,Oct 2025
259,14 Oct 2025,Seven-party July Charter referendum demand,"Social, Political and Rights-Based Movements",Parties demanded July Charter be legally based through referendum,The Daily Star,https://www.thedailystar.net/news/bangladesh/politics/news/seven-parties-launch-simultaneous-protests-dhaka-4009576,thedailystar.net,True,Dhaka (venue not specified),23.7509,90.3934,city,Oct 2025
260,14 Oct 2025,Jamaat/Islami Andolon simultaneous Dhaka protest,"Social, Political and Rights-Based Movements",Jamaat and Islami Andolon joined simultaneous protest programme,The Daily Star,https://www.thedailystar.net/news/bangladesh/politics/news/seven-parties-launch-simultaneous-protests-dhaka-4009576,thedailystar.net,True,Dhaka (venue not specified),23.7509,90.3934,city,Oct 2025
261,14 Oct 2025,Seven-party Matsya Bhaban human chain,Other Miscellaneous Movements,Seven parties held simultaneous human chain in Matsya Bhaban area,The Daily Star,https://www.thedailystar.net/news/bangladesh/politics/news/seven-parties-launch-simultaneous-protests-dhaka-4009576,thedailystar.net,True,Dhaka (venue not specified),23.7509,90.3934,city,Oct 2025
262,14 Oct 2025,Jamaat February election protest,"Social, Political and Rights-Based Movements",Jamaat joined demand for February election,The Daily Star,https://www.thedailystar.net/news/bangladesh/politics/news/seven-parties-launch-simultaneous-protests-dhaka-4009576,thedailystar.net,True,Dhaka (venue not specified),23.7509,90.3934,city,Oct 2025
263,14 Oct 2025,July Charter referendum protest,"Social, Political and Rights-Based Movements",Parties demanded public referendum on July Charter,The Daily Star,https://www.thedailystar.net/news/bangladesh/politics/news/seven-parties-launch-simultaneous-protests-dhaka-4009576,thedailystar.net,True,Dhaka (venue not specified),23.7509,90.3934,city,Oct 2025
264,14 Oct 2025,Islami Andolon Dhaka protest,Other Miscellaneous Movements,Islami Andolon participated in simultaneous Dhaka programme,The Daily Star,https://www.thedailystar.net/news/bangladesh/politics/news/seven-parties-launch-simultaneous-protests-dhaka-4009576,thedailystar.net,True,Dhaka (venue not specified),23.7509,90.3934,city,Oct 2025
265,6 Nov 2025,DU/JnU music students protest primary posts,Education and Student Movements,Music students/teachers demonstrated against dropping music/PE posts,The Daily Star,https://www.thedailystar.net/news/bangladesh/news/university-teachers-students-protest-govt-move-drop-music-physical-education-posts-primary,thedailystar.net,True,Jagannath University,23.7104,90.4074,approx-landmark,Nov 2025
266,6 Nov 2025,DU Aparajeyo Bangla music protest,Other Miscellaneous Movements,DU protesters gathered at Aparajeyo Bangla,The Daily Star,https://www.thedailystar.net/news/bangladesh/news/university-teachers-students-protest-govt-move-drop-music-physical-education-posts-primary,thedailystar.net,True,Dhaka University campus,23.733,90.3928,approx-landmark,Nov 2025
267,6 Nov 2025,Primary music teacher post demand,Education and Student Movements,Demanded restoration of music teacher recruitment posts,The Daily Star,https://www.thedailystar.net/news/bangladesh/news/university-teachers-students-protest-govt-move-drop-music-physical-education-posts-primary,thedailystar.net,True,Dhaka (venue not specified),23.7509,90.3934,city,Nov 2025
268,6 Nov 2025,Primary PE teacher post demand,Education and Student Movements,Demanded physical education teacher posts,The Daily Star,https://www.thedailystar.net/news/bangladesh/news/university-teachers-students-protest-govt-move-drop-music-physical-education-posts-primary,thedailystar.net,True,Dhaka (venue not specified),23.7509,90.3934,city,Nov 2025
269,8 Nov 2025,Primary teachers Shahbagh sit-in,Education and Student Movements,Government primary teachers staged sit-in at Central Shaheed Minar,The Daily Star,https://www.thedailystar.net/news/bangladesh/news/police-charge-batons-fire-tear-gas-disperse-protesting-primary-teachers,thedailystar.net,True,Shahbagh,23.7389,90.3958,approx-landmark,Nov 2025
270,8 Nov 2025,Primary teachers Shahbagh march,Education and Student Movements,Teachers marched toward Shahbagh,The Daily Star,https://www.thedailystar.net/news/bangladesh/news/police-charge-batons-fire-tear-gas-disperse-protesting-primary-teachers,thedailystar.net,True,Shahbagh,23.7389,90.3958,approx-landmark,Nov 2025
271,8 Nov 2025,Primary teachers 10th-grade demand,Education and Student Movements,Demanded 10th-grade pay scale,The Daily Star,https://www.thedailystar.net/news/bangladesh/news/police-charge-batons-fire-tear-gas-disperse-protesting-primary-teachers,thedailystar.net,True,Dhaka (venue not specified),23.7509,90.3934,city,Nov 2025
272,8 Nov 2025,Primary teachers police-action protest,Education and Student Movements,Teachers protested baton/tear gas/water-cannon dispersal,The Daily Star,https://www.thedailystar.net/news/bangladesh/news/police-charge-batons-fire-tear-gas-disperse-protesting-primary-teachers,thedailystar.net,True,Dhaka (venue not specified),23.7509,90.3934,city,Nov 2025
273,8 Nov 2025,Primary teachers Central Shaheed Minar sit-in,Education and Student Movements,Teachers continued sit-in after Shahbagh police action,The Daily Star,https://www.thedailystar.net/news/bangladesh/news/teachers-work-abstention-suspends-classes-over-65000-govt-primary-schools,thedailystar.net,True,Shahbagh,23.7389,90.3958,approx-landmark,Nov 2025
274,9 Nov 2025,Primary teachers work abstention,Education and Student Movements,Teachers launched nationwide work abstention after Dhaka protest,The Daily Star,https://www.thedailystar.net/news/bangladesh/news/teachers-work-abstention-suspends-classes-over-65000-govt-primary-schools,thedailystar.net,True,Dhaka (venue not specified),23.7509,90.3934,city,Nov 2025
275,9 Nov 2025,Primary teachers Shaheed Minar continuation,Education and Student Movements,Teachers continued sit-in at Central Shaheed Minar,The Daily Star,https://www.thedailystar.net/news/bangladesh/news/teachers-work-abstention-suspends-classes-over-65000-govt-primary-schools,thedailystar.net,True,Central Shaheed Minar,23.7276,90.402,approx-landmark,Nov 2025
276,9 Nov 2025,Primary teachers resignation demand,Education and Student Movements,Teachers demanded resignation of relevant advisers,The Daily Star,https://www.thedailystar.net/news/bangladesh/news/teachers-work-abstention-suspends-classes-over-65000-govt-primary-schools,thedailystar.net,True,Dhaka (venue not specified),23.7509,90.3934,city,Nov 2025
277,9 Nov 2025,Primary teachers promotion-equality demand,Education and Student Movements,Teachers demanded end to promotion discrimination,The Daily Star,https://www.thedailystar.net/news/bangladesh/news/teachers-work-abstention-suspends-classes-over-65000-govt-primary-schools,thedailystar.net,True,Dhaka (venue not specified),23.7509,90.3934,city,Nov 2025
278,9 Nov 2025,Primary teachers continue sit-in after suspension,Education and Student Movements,Teachers resumed protest after temporary suspension,The Daily Star,https://www.thedailystar.net/news/bangladesh/news/teachers-withdraw-suspension-vow-continue-protest-4031161,thedailystar.net,True,Dhaka (venue not specified),23.7509,90.3934,city,Nov 2025
279,9 Nov 2025,Primary teachers night gathering Shaheed Minar,Education and Student Movements,Hundreds gathered at Shaheed Minar to continue protest,The Daily Star,https://www.thedailystar.net/news/bangladesh/news/teachers-withdraw-suspension-vow-continue-protest-4031161,thedailystar.net,True,Central Shaheed Minar,23.7276,90.402,approx-landmark,Nov 2025
280,9 Nov 2025,Primary teachers equal-status demand,Education and Student Movements,Teachers demanded equal status with secondary-level teachers,The Daily Star,https://www.thedailystar.net/news/bangladesh/news/teachers-work-abstention-suspends-classes-over-65000-govt-primary-schools,thedailystar.net,True,Dhaka (venue not specified),23.7509,90.3934,city,Nov 2025
281,10 Nov 2025,Primary teachers strike continuation,Education and Student Movements,Teachers vowed to continue work abstention,The Daily Star,https://www.thedailystar.net/news/bangladesh/news/teachers-withdraw-suspension-vow-continue-protest-4031161,thedailystar.net,True,Dhaka (venue not specified),23.7509,90.3934,city,Nov 2025
282,Nov 2025,Primary teachers' three-point demand protest,Education and Student Movements,"Continued campaign for pay, promotion and equal status",The Daily Star,https://www.thedailystar.net/news/bangladesh/news/teachers-withdraw-suspension-vow-continue-protest-4031161,thedailystar.net,True,Dhaka (venue not specified),23.7509,90.3934,city,Nov 2025
283,Dec 2025,Inqilab Moncho protest to oust interim govt,"Social, Political and Rights-Based Movements",Inqilab Moncho warned of movement against interim government,The Daily Star,https://www.thedailystar.net/news/bangladesh/news/inqilab-moncho-warns-movement-oust-interim-govt-4063811,thedailystar.net,True,Dhaka (venue not specified),23.7509,90.3934,city,Dec 2025
284,Dec 2025,Inqilab Moncho Shahbagh mobilisation,"Social, Political and Rights-Based Movements",Activists mobilised at Shahbagh over Hadi killing,The Daily Star,https://www.thedailystar.net/news/bangladesh/news/hadi-killing-inqilab-moncho-calls-blockades-all-divisional-cities-today-4063811,thedailystar.net,True,Shahbagh,23.7389,90.3958,approx-landmark,Dec 2025
285,Dec 2025,Hadi justice blockade call,"Social, Political and Rights-Based Movements",Inqilab Moncho called divisional blockades for justice,The Daily Star,https://www.thedailystar.net/news/bangladesh/news/hadi-killing-inqilab-moncho-calls-blockades-all-divisional-cities-today-4063811,thedailystar.net,True,Dhaka (venue not specified),23.7509,90.3934,city,Dec 2025
286,Dec 2025,Hadi killers arrest/trial protest,"Social, Political and Rights-Based Movements",Protesters demanded arrest and trial of killers,The Daily Star,https://www.thedailystar.net/news/bangladesh/news/hadi-killing-inqilab-moncho-calls-blockades-all-divisional-cities-today-4063811,thedailystar.net,True,Dhaka (venue not specified),23.7509,90.3934,city,Dec 2025
287,Dec 2025,Hadi justice Shahbagh sit-in,"Social, Political and Rights-Based Movements",Inqilab Moncho held Shahbagh sit-in,The Daily Star,https://www.thedailystar.net/news/bangladesh/news/hadi-killing-inqilab-moncho-calls-blockades-all-divisional-cities-today-4063811,thedailystar.net,True,Shahbagh,23.7389,90.3958,approx-landmark,Dec 2025
288,Dec 2025,Hadi protest against govt inaction,"Social, Political and Rights-Based Movements",Protest accused interim govt of inaction over killing,The Daily Star,https://www.thedailystar.net/news/bangladesh/news/inqilab-moncho-warns-movement-oust-interim-govt-4063811,thedailystar.net,True,Dhaka (venue not specified),23.7509,90.3934,city,Dec 2025
289,20 Dec 2025,Udichi Dhaka protest march,Other Miscellaneous Movements,Udichi activists marched from Paltan to Satyen Sen Square,The Daily Star,https://www.thedailystar.net/news/bangladesh/news/interim-govt-failed-prevent-attack-4062946,thedailystar.net,True,Paltan,23.7345,90.413,approx-landmark,Dec 2025
290,20 Dec 2025,Udichi protest over office attack,Other Miscellaneous Movements,Protest condemned arson/attack on central office,The Daily Star,https://www.thedailystar.net/news/bangladesh/news/interim-govt-failed-prevent-attack-4062946,thedailystar.net,True,Dhaka (venue not specified),23.7509,90.3934,city,Dec 2025
291,20 Dec 2025,Udichi demand action against attackers,Other Miscellaneous Movements,Leaders demanded immediate action against perpetrators,The Daily Star,https://www.thedailystar.net/news/bangladesh/news/interim-govt-failed-prevent-attack-4062946,thedailystar.net,True,Dhaka (venue not specified),23.7509,90.3934,city,Dec 2025
292,20 Dec 2025,Udichi accountability protest,Other Miscellaneous Movements,Protest called for safety/accountability for cultural organisations,The Daily Star,https://www.thedailystar.net/news/bangladesh/news/interim-govt-failed-prevent-attack-4062946,thedailystar.net,True,Dhaka (venue not specified),23.7509,90.3934,city,Dec 2025
293,24 Dec 2025,DRU media-freedom human chain,"Professional, Employee and Institutional Movements",Dhaka Reporters Unity held human chain against attacks on media,The Daily Star,https://www.thedailystar.net/news/bangladesh/news/dru-forms-human-chain-protesting-attacks-daily-star-prothom-alo-4065361,thedailystar.net,True,Dhaka (venue not specified),23.7509,90.3934,city,Dec 2025
294,24 Dec 2025,DRU protest over Daily Star attack,Other Miscellaneous Movements,Journalists protested attack on Daily Star office,The Daily Star,https://www.thedailystar.net/news/bangladesh/news/dru-forms-human-chain-protesting-attacks-daily-star-prothom-alo-4065361,thedailystar.net,True,Dhaka (venue not specified),23.7509,90.3934,city,Dec 2025
295,24 Dec 2025,DRU protest over Prothom Alo attack,Other Miscellaneous Movements,Journalists protested attack on Prothom Alo office,The Daily Star,https://www.thedailystar.net/news/bangladesh/news/dru-forms-human-chain-protesting-attacks-daily-star-prothom-alo-4065361,thedailystar.net,True,Dhaka (venue not specified),23.7509,90.3934,city,Dec 2025
296,24 Dec 2025,DRU protest over journalist harassment/case,"Professional, Employee and Institutional Movements",Protested harassment of New Age editor and cases against DRU officials,The Daily Star,https://www.thedailystar.net/news/bangladesh/news/dru-forms-human-chain-protesting-attacks-daily-star-prothom-alo-4065361,thedailystar.net,True,Dhaka (venue not specified),23.7509,90.3934,city,Dec 2025
297,24 Dec 2025,Media freedom human chain,"Professional, Employee and Institutional Movements",DRU human chain demanded press freedom and journalist safety,The Daily Star,https://www.thedailystar.net/news/bangladesh/news/dru-forms-human-chain-protesting-attacks-daily-star-prothom-alo-4065361,thedailystar.net,True,Dhaka (venue not specified),23.7509,90.3934,city,Dec 2025
298,24 Dec 2025,Media office attack protest,"Professional, Employee and Institutional Movements",Journalists protested attacks on two newspaper offices,The Daily Star,https://www.thedailystar.net/news/bangladesh/news/dru-forms-human-chain-protesting-attacks-daily-star-prothom-alo-4065361,thedailystar.net,True,Dhaka (venue not specified),23.7509,90.3934,city,Dec 2025
299,24 Dec 2025,DRU false-case protest,Other Miscellaneous Movements,DRU protested cases against its officials,The Daily Star,https://www.thedailystar.net/news/bangladesh/news/dru-forms-human-chain-protesting-attacks-daily-star-prothom-alo-4065361,thedailystar.net,True,Dhaka (venue not specified),23.7509,90.3934,city,Dec 2025
300,24 Dec 2025,Journalists unity protest,"Professional, Employee and Institutional Movements",DRU called for unity to protect independent journalism,The Daily Star,https://www.thedailystar.net/news/bangladesh/news/dru-forms-human-chain-protesting-attacks-daily-star-prothom-alo-4065361,thedailystar.net,True,Dhaka (venue not specified),23.7509,90.3934,city,Dec 2025
